Category,State,City,Institution,Website
College,IA,Sioux City,Briar Cliff University,https://www.briarcliff.edu/
College,IA,Pella,Central College,https://www.central.edu/
College,IA,Cedar Rapids,Coe College,https://www.coe.edu/
College,IA,Mount Vernon,Cornell College,https://www.cornellcollege.edu/
College,IA,Des Moines,Des Moines Area Community College,https://www.dmacc.edu/
College,IA,Sioux Center,Dordt University,https://www.dordt.edu/
College,IA,Lamoni,Graceland University,https://www.graceland.edu/
College,IA,Des Moines,Grand View University,https://www.grandview.edu/
College,IA,Fort Dodge,Iowa Central Community College,https://www.iowacentral.edu/
College,IA,Ames,Iowa State University,https://www.iastate.edu/
College,IA,Dubuque,Loras College,https://www.loras.edu/
College,IA,Cedar Rapids,Mount Mercy University,https://www.mtmercy.edu/
College,IA,Mason City,North Iowa Area Community College,https://www.niacc.edu/
College,IA,Indianola,Simpson College,https://www.simpson.edu/
College,IA,Iowa City,University of Iowa,https://uiowa.edu/
College,IA,Cedar Falls,University of Northern Iowa,https://www.uni.edu/
College,IA,Sioux City,Western Iowa Tech Community College,https://www.witcc.edu/
College,IL,Chicago,City Colleges of Chicago,https://www.ccc.edu/
College,IL,College of DuPage,College of DuPage,https://www.cod.edu/
College,IL,Chicago,DePaul University,https://www.depaul.edu/
College,IL,Charleston,Eastern Illinois University,https://www.eiu.edu/
College,IL,Elgin,Elgin Community College,https://elgin.edu/
College,IL,Chicago,Illinois Institute of Technology,https://www.iit.edu/
College,IL,Normal,Illinois State University,https://illinoisstate.edu/
College,IL,Chicago,Loyola University Chicago,https://www.luc.edu/
College,IL,Mchenry,McHenry County College,https://www.mchenry.edu/
College,IL,DeKalb,Northern Illinois University,https://www.niu.edu/
College,IL,Chicago,Northeastern Illinois University,https://www.neiu.edu/
College,IL,Evanston,Northwestern University,https://www.northwestern.edu/
College,IL,Des Plaines,Oakton Community College,https://www.oakton.edu/
College,IL,Rockford,Rock Valley College,https://www.rockvalleycollege.edu/
College,IL,Carbondale,Southern Illinois University-Carbondale,https://www.siuc.edu/
College,IL,Edwardsville,Southern Illinois University-Edwardsville,https://www.siue.edu/
College,IL,Chicago,University of Chicago,https://www.uchicago.edu/
College,IL,Chicago,University of Illinois at Chicago,https://www.uic.edu/
College,IL,Urbana,University of Illinois Urbana-Champaign,https://illinois.edu/
College,IL,Springfield,University of Illinois-Springfield,https://www.uis.edu/
College,IL,Macomb,Western Illinois University,https://www.wiu.edu/
College,MI,Mount Pleasant,Central Michigan University,https://www.cmich.edu/
College,MI,Ypsilanti,Eastern Michigan University,https://www.emich.edu/
College,MI,Big Rapids,Ferris State University,https://www.ferris.edu/
College,MI,Allendale,Grand Valley State University,https://www.gvsu.edu/
College,MI,Kalamazoo,Kalamazoo College,https://www.kzoo.edu/
College,MI,Battle Creek,Kellogg Community College,https://www.kellogg.edu/
College,MI,Sault Ste. Marie,Lake Superior State University,https://www.lssu.edu/
College,MI,Southfield,Lawrence Technological University,https://www.ltu.edu/
College,MI,East Lansing,Michigan State University,https://www.msu.edu/
College,MI,Houghton,Michigan Technological University,https://www.mtu.edu/
College,MI,Marquette,Northern Michigan University,https://www.nmu.edu/
College,MI,Rochester,Oakland University,https://www.oakland.edu/
College,MI,University Center,Saginaw Valley State University,https://www.svsu.edu/
College,MI,Detroit,University of Detroit Mercy,https://www.udmercy.edu/
College,MI,Ann Arbor,University of Michigan-Ann Arbor,https://umich.edu/
College,MI,Dearborn,University of Michigan-Dearborn,https://umdearborn.edu/
College,MI,Flint,University of Michigan-Flint,https://www.umflint.edu/
College,MI,Detroit,Wayne State University,https://wayne.edu/
College,MI,Kalamazoo,Western Michigan University,https://wmich.edu/
College,MI,Ann Arbor,Washtenaw Community College,https://www.wccnet.edu/
College,MN,Anoka,Anoka-Ramsey Community College,https://www.anokaramsey.edu/
College,MN,Bemidji,Bemidji State University,https://www.bemidjistate.edu/
College,MN,Brainerd,Central Lakes College,https://www.clcmn.edu/
College,MN,Moorhead,Concordia College,https://www.concordiacollege.edu/
College,MN,St. Peter,Gustavus Adolphus College,https://gustavus.edu/
College,MN,St. Paul,Hamline University,https://www.hamline.edu/
College,MN,Brooklyn Park,Hennepin Technical College,https://www.hennepintech.edu/
College,MN,Mankato,Minnesota State University-Mankato,https://mnsu.edu/
College,MN,Moorhead,Minnesota State University-Moorhead,https://www.mnstate.edu/
College,MN,Bloomington,Normandale Community College,https://www.normandale.edu/
College,MN,Brooklyn Park,North Hennepin Community College,https://www.nhcc.edu/
College,MN,St. Cloud,Saint Cloud State University,https://www.stcloudstate.edu/
College,MN,Collegeville,Saint John's University,https://www.csbsju.edu/
College,MN,Winona,Saint Mary's University of Minnesota,https://www.smumn.edu/
College,MN,Marshall,Southwest Minnesota State University,https://www.smsu.edu/
College,MN,Crookston,University of Minnesota-Crookston,https://www.crk.umn.edu/
College,MN,Duluth,University of Minnesota-Duluth,https://www.d.umn.edu/
College,MN,Morris,University of Minnesota-Morris,https://www.morris.umn.edu/
College,MN,Rochester,University of Minnesota-Rochester,https://r.umn.edu/
College,MN,Twin Cities,University of Minnesota-Twin Cities,https://twin-cities.umn.edu/
College,MN,Winona,Winona State University,https://www.winona.edu/
College,WI,Appleton,Fox Valley Technical College,https://fvtc.edu/
College,WI,Green Bay,Northeast Wisconsin Technical College,https://www.nwtc.edu/
College,WI,West Bend,Moraine Park Technical College,https://www.morainepark.edu/
College,WI,Cleveland,Lakeshore Technical College,https://gotoltc.edu/
College,WI,Madison,Madison College,https://madisoncollege.edu/
College,WI,Stevens Point,Mid-State Technical College,https://www.mstc.edu/
College,WI,Milwaukee,Milwaukee Area Technical College,https://www.matc.edu/
College,WI,Wausau,Northcentral Technical College,https://www.ntc.edu/
College,WI,Waukesha,Waukesha County Technical College,https://www.wctc.edu/
College,WI,Kenosha,Gateway Technical College,https://www.gtc.edu/
College,WI,La Crosse,Western Technical College,https://www.westerntc.edu/
College,WI,Madison,University of Wisconsin-Madison,https://www.wisc.edu/
College,WI,Milwaukee,University of Wisconsin-Milwaukee,https://www.uwm.edu/
College,WI,Eau Claire,University of Wisconsin-Eau Claire,https://www.uwec.edu/
College,WI,Green Bay,University of Wisconsin-Green Bay,https://www.uwgb.edu/
College,WI,La Crosse,University of Wisconsin-La Crosse,https://www.uwlax.edu/
College,WI,Oshkosh,University of Wisconsin-Oshkosh,https://www.uwosh.edu/
College,WI,Kenosha,University of Wisconsin-Parkside,https://www.uwp.edu/
College,WI,Platteville,University of Wisconsin-Platteville,https://www.uwplatt.edu/
College,WI,River Falls,University of Wisconsin-River Falls,https://www.uwrf.edu/
College,WI,Stevens Point,University of Wisconsin-Stevens Point,https://www.uwsp.edu/
College,WI,Menomonie,University of Wisconsin-Stout,https://www.uwstout.edu/
Importer,CA,Los Angeles,Expeditors International,https://www.expeditors.com/
Importer,NY,New York,DHL Global Forwarding,https://www.dhl.com/global-en/home/our-divisions/global-forwarding.html
Importer,IL,Chicago,CEVA Logistics,https://www.cevalogistics.com/
Importer,TX,Houston,Amazon Global,https://www.amazon.com/
Importer,CA,San Francisco,Freightos,https://www.freightos.com/
Importer,NY,New York,UPS Supply Chain Solutions,https://www.ups.com/us/en/supplychain/home.page
Importer,CA,Los Angeles,WorldWide Logistics,https://www.wwl.com/
Importer,CA,San Diego,BlueGrace Logistics,https://www.bluegracelogistics.com/
Importer,NY,New York,Shapiro,https://www.shapiro.com/
Importer,TX,Dallas,Agility Logistics,https://www.agility.com/
Importer,NY,New York,Panalpina,https://www.panalpina.com/
Importer,NJ,Secaucus,Schenker,https://www.dbschenker.com/
Importer,CA,Los Angeles,Flexport,https://www.flexport.com/
Importer,NY,New York,C.H. Robinson,https://www.chrobinson.com/
Importer,IL,Chicago,Expeditors,https://www.expeditors.com/
Importer,CA,Long Beach,China Ocean Shipping Company (COSCO),http://www.cosco.com/
Importer,TX,San Antonio,Maersk Line,https://www.maersk.com/
Importer,NY,New York,MSC Mediterranean Shipping Company,https://www.msc.com/
Importer,FL,Miami,Agility Logistics,https://www.agility.com/
Importer,CA,Oakland,DB Schenker,https://www.dbschenker.com/
Importer,IL,Elk Grove Village,Total Quality Logistics (TQL),https://www.tql.com/
Importer,NC,Charlotte,Landstar System,https://www.landstar.com/
Importer,CA,Los Angeles,Intercontinental Export Import,https://www.ieiusa.com/
Importer,TX,Fort Worth,Seaboard Marine,https://www.seaboardmarine.com/
Importer,NJ,Elizabeth,CN Transportation,https://www.cntransportation.com/
Importer,CA,San Jose,Hitachi Transport System,https://www.hitachi-transportsystem.com/
Importer,FL,Tampa,TQL (Total Quality Logistics),https://www.tql.com/
Importer,IL,Chicago,Transplace,https://www.transplace.com/
Importer,NJ,Newark,Expeditors International of Washington,https://www.expeditors.com/
Importer,TX,Houston,Pacer International,https://www.pacer.com/
Importer,NY,New York,Kuehne + Nagel,https://home.kuehne-nagel.com/
Importer,CA,Los Angeles,Ryder Supply Chain Solutions,https://www.ryder.com/
Importer,GA,Atlanta,Swift Transportation,https://swifttrans.com/
Importer,TX,Austin,DHL Supply Chain,https://www.dhl.com/
Importer,CA,San Francisco,Logistics Plus,https://www.logisticsplus.net/
Importer,FL,Miami,FedEx Trade Networks,https://www.fedex.com/en-us/home.html
Importer,NJ,Woodbridge,American Export Lines,https://www.aelshipping.com/
Importer,CA,San Diego,TransGroup Global Logistics,https://transgroup.com/
Importer,NY,Brooklyn,Air & Sea Forwarders,https://www.airandseaforwarders.com/
Importer,MA,Boston,Cool Cargoes,https://www.coolcargoes.com/
Importer,NY,New York,Orient Express,https://orientexpress.com/
Importer,WA,Seattle,Parcel Plus,https://www.parcelplus.com/
Importer,CA,San Francisco,Seamless Transportation,https://www.seamlesstransportation.com/
Importer,TX,Houston,AIT Worldwide Logistics,https://www.aitworldwide.com/
Importer,CA,Los Angeles,Cypress International,https://www.cypressintl.com/
Importer,NY,New York,AMK Logistics,https://www.amklogistics.com/
Importer,TX,Dallas,Dedola Global Logistics,https://www.dedola.com/
Importer,CA,Los Angeles,Choptank Transport,https://www.choptanktransport.com/
Importer,FL,Fort Lauderdale,Transatlantic Shipping,https://www.transatlanticshipping.com/
Importer,CA,San Diego,On Time Logistics,https://ontimelogistics.com/
Importer,CA,Los Angeles,Skyline International,https://www.skylineinternational.com/
Importer,TX,El Paso,Eagle Global Logistics,https://www.eaglegl.com/
Importer,CA,Los Angeles,Global Shipping Services,https://www.globalshippingservices.com/
Importer,NY,New York,Worldwide Logistics Group,https://www.wwlg.com/
Importer,CA,Oakland,DHL Freight,https://www.dhl.com/global-en/home/our-divisions/freight.html
Importer,FL,Miami,Import Export Shipping,https://importexportshipping.com/
Importer,IL,Chicago,Expeditors International,https://www.expeditors.com/
Importer,CA,Los Angeles,Velocity Logistics,https://www.velocitylogistics.com/
Industrial,CA,Los Angeles,MSC Industrial Direct,https://www.mscdirect.com/
Industrial,IL,Chicago,Grainger,https://www.grainger.com/
Industrial,TX,Houston,Fastenal,https://www.fastenal.com/
Industrial,CA,San Diego,AutomationDirect,https://www.automationdirect.com/
Industrial,NY,New York,Trinity Industrial,https://www.trinityindustrial.com/
Industrial,MI,Troy,Southwest Industrial,https://www.southwestindustrial.com/
Industrial,NC,Charlotte,Global Industrial,https://www.globalindustrial.com/
Industrial,OH,Cleveland,Alro Steel,https://www.alro.com/
Industrial,PA,Pittsburgh,Industrial Supplies,https://www.industrialsupplies.com/
Industrial,MN,Minneapolis,MRO Supply,https://www.mrosupply.com/
Industrial,CA,San Francisco,McMaster-Carr,https://www.mcmaster.com/
Industrial,MA,Framingham,Applied Industrial Technologies,https://www.applied.com/
Industrial,IN,Indianapolis,Motion Industries,https://www.motionindustries.com/
Industrial,IL,Rockford,Bearings & Drives,https://www.bearingsdrives.com/
Industrial,WA,Seattle,Trico Corporation,https://www.tricocorp.com/
Industrial,TX,San Antonio,Russell Equipment,https://www.russellequipment.com/
Industrial,NJ,Bridgewater,Fasteners Inc.,https://www.fastenersinc.com/
Industrial,CA,Los Angeles,Tool Discounter,https://www.tooldiscounter.com/
Industrial,TX,Austin,Midway Industrial Supply,https://www.midwayindustrialsupply.com/
Industrial,FL,Tampa,American Industrial Supply,https://www.americanindustrialsupply.com/
Industrial,NY,Albany,The Bell Company,https://www.bellco.com/
Industrial,OH,Columbus,Bishop-Wisecarver,https://www.bwc.com/
Industrial,TX,Fort Worth,Industrial Metal Supply,https://www.industrialmetalsupply.com/
Industrial,CT,Hartford,Enco,https://www.useenco.com/
Industrial,IL,Peoria,Surplus Industrial Supply,https://www.surplusindustrialsupply.com/
Industrial,CA,San Jose,California Industrial Rubber,https://www.cairubber.com/
Industrial,NC,Greensboro,Greensboro Industrial,https://www.greensboroindustrial.com/
Industrial,NY,Buffalo,Allegro Industrial Supply,https://www.allegroindustrial.com/
Industrial,PA,Allentown,Industrial Hardware & Supply,https://www.ihsupply.com/
Industrial,IL,Elmhurst,BDI,https://www.bdiusa.com/
Industrial,CA,Orange,Industrial Tools & Equipment,https://www.industrialtoolsandequipment.com/
Industrial,MO,Kansas City,Allied Electronics,https://www.alliedelec.com/
Industrial,MA,Worcester,RPM Industrial,https://www.rpmindustrial.com/
Industrial,TX,Irving,Axis Supply,https://www.axissupply.com/
Industrial,CA,San Mateo,Cascade Engineering,https://www.cascadeengineering.com/
Industrial,WA,Tacoma,Material Handling Solutions,https://www.materialhandlingsolutions.com/
Industrial,CO,Denver,Machinery & Equipment Co.,https://www.machineryandequipment.com/
Industrial,IL,Chicago,Industrial Tools,https://www.industrialtools.com/
Industrial,NY,Long Island City,Amazon Supply,https://supply.amazon.com/
Industrial,TX,Beaumont,Safety & Health Supply,https://www.safetyandhealthsupply.com/
Industrial,CA,Riverside,Adams Manufacturing,https://www.adamsmfg.com/
Industrial,MI,Grand Rapids,Safety Supply Co.,https://www.safetysupply.com/
Industrial,MA,Boston,CMD Manufacturing,https://www.cmdmanufacturing.com/
Industrial,PA,Philadelphia,Industrial Supplies Depot,https://www.industrialsuppliesdepot.com/
Industrial,CA,Fremont,Apex Industrial Technologies,https://www.apexidt.com/
Industrial,TX,Houston,SupplyPro,https://www.supplypro.com/
Industrial,NC,Wilmington,Industrial Tooling Corporation,https://www.industrialtooling.com/
Industrial,IL,Naperville,Automation Systems Interconnect,https://www.asi-ez.com/
Industrial,FL,Orlando,Machinery Systems,https://www.machinerysystems.com/
Industrial,WA,Spokane,Spokane Machinery,https://www.spokanemachinery.com/
Industrial,CA,Modesto,Manufacturing Solutions,https://www.manufacturingsolutions.com/
Industrial,MN,Eagan,Supply Chain Solutions,https://www.supplychainsolutions.com/
Marketing,CA,San Francisco,HubSpot,https://www.hubspot.com/
Marketing,NY,New York,Omnicom Group,https://www.omnicomgroup.com/
Marketing,CA,Los Angeles,Interpublic Group,https://www.interpublic.com/
Marketing,IL,Chicago,Leo Burnett,https://leoburnett.com/
Marketing,TX,Austin,WP Engine,https://wpengine.com/
Marketing,CA,Santa Monica,Mailchimp,https://mailchimp.com/
Marketing,NY,New York,Publicis Groupe,https://www.publicisgroupe.com/
Marketing,WA,Seattle,Amplify,https://www.amplify.com/
Marketing,CA,San Diego,Branding Brand,https://www.brandingbrand.com/
Marketing,FL,Miami,Razorfish,https://www.razorfish.com/
Marketing,MA,Boston,Digitas,https://www.digitas.com/
Marketing,NY,New York,Weber Shandwick,https://www.webershandwick.com/
Marketing,CA,San Francisco,AKQA,https://www.akqa.com/
Marketing,TX,Dallas,The Richards Group,https://www.richards.com/
Marketing,CA,Palo Alto,PureMatter,https://purematter.com/
Marketing,NY,New York,True North,https://www.truenorthagency.com/
Marketing,WA,Seattle,Blue Moon Digital,https://www.bluemoondigital.co/
Marketing,CO,Denver,The Integer Group,https://www.integer.com/
Marketing,MA,Burlington,Strategy&,https://www.strategyand.pwc.com/
Marketing,IL,Chicago,Eventus,https://eventus.com/
Marketing,CA,Sacramento,Impact,https://www.impact.com/
Marketing,NY,New York,Havas Media,https://www.havasmedia.com/
Marketing,CA,Santa Clara,CyberCoders,https://www.cybercoders.com/
Marketing,TX,Houston,MD Anderson Cancer Center Marketing,https://www.mdanderson.org/
Marketing,CA,San Francisco,Wishpond,https://www.wishpond.com/
Marketing,NY,New York,Zephyr,https://www.zephyr.com/
Marketing,IL,Chicago,10Fold,https://10fold.com/
Marketing,TX,Austin,RSM Marketing,https://www.rsmus.com/
Marketing,CA,Los Angeles,Ignite Visibility,https://ignitevisibility.com/
Marketing,NY,New York,Cimpress,https://www.cimpress.com/
Marketing,WA,Bellevue,Landor,https://landor.com/
Marketing,CA,San Diego,Effectv,https://www.effectv.com/
Marketing,FL,Orlando,WebFX,https://www.webfx.com/
Marketing,CO,Boulder,Groundswell,https://groundswell.me/
Marketing,MA,Boston,360i,https://www.360i.com/
Marketing,CA,San Francisco,Mixpanel,https://mixpanel.com/
Marketing,TX,Austin,ThinkGeek,https://www.thinkgeek.com/
Marketing,CA,Palo Alto,AdRoll,https://www.adroll.com/
Marketing,NY,New York,Reprise Digital,https://www.reprisedigital.com/
Marketing,CA,Los Angeles,Sparkloft Media,https://sparkloft.com/
Marketing,TX,Dallas,Visionary,https://www.visionary.com/
Marketing,CA,San Francisco,Marin Software,https://www.marinsoftware.com/
Marketing,NY,New York,Canvas,https://www.canvas.com/
Marketing,IL,Chicago,Mindstream Media,https://www.mindstreammedia.com/
Marketing,CA,San Diego,Blackbird,https://www.blackbird.com/
Marketing,FL,Tampa,Innovative Marketing,https://www.innovativemarketing.com/
Marketing,MA,Cambridge,AdHawk,https://www.adhawk.com/
Marketing,TX,Houston,McCann,https://www.mccann.com/
Marketing,CA,Los Angeles,Stagwell,https://www.stagwellglobal.com/
Marketing,NY,New York,Joan,https://www.joancreative.com/
Marketing,CA,San Francisco,Venngage,https://venngage.com/
Marketing,TX,Austin,ClearPivot,https://clearpivot.com/
Marketing,FL,Miami,The Ad Council,https://www.adcouncil.org/
Marketing,MA,Boston,MullenLowe,https://www.mullenloweus.com/
Marketing,NY,New York,The Martin Agency,https://www.martinagency.com/
Marketing,CA,Santa Monica,Code & Theory,https://www.codeandtheory.com/
Marketing,TX,Fort Worth,Assemble,https://www.assembleagency.com/
Marketing,CO,Denver,Level Agency,https://www.levelagency.com/
Marketing,CA,Los Angeles,Epipheo,https://epipheo.com/
Marketing,NY,New York,The Kantar Group,https://www.kantar.com/
Marketing,TX,Houston,Contend,https://www.contend.net/
Marketing,WA,Seattle,Digital Kitchen,https://www.digitalkitchen.com/
Marketing,CA,San Francisco,Elemental,https://www.elemental.com/
Marketing,IL,Chicago,The Motion Agency,https://www.motionagency.com/
Marketing,TX,Dallas,Branding Brand,https://www.brandingbrand.com/
Marketing,CA,Palo Alto,Everyday Health,https://www.everydayhealth.com/
Marketing,NY,New York,Elevator,https://www.elevatoragency.com/
Marketing,WA,Bellevue,Clearlink,https://www.clearlink.com/
Marketing,CA,Los Angeles,Tribal Worldwide,https://www.tribalworldwide.com/
Marketing,MA,Cambridge,Handsome,https://handsome.is/
Marketing,NY,New York,Adore Me,https://www.adoreme.com/
Marketing,TX,Austin,Hookit,https://www.hookit.com/
Marketing,FL,Miami,Jam3,https://jam3.com/
Marketing,CA,San Francisco,Social Media Link,https://socialmedialink.com/
Marketing,IL,Chicago,Struck,https://www.struck.com/
Marketing,NY,New York,Adage,https://adage.com/
Marketing,TX,Houston,Trilogy,https://trilogy.com/
Marketing,CA,San Diego,Search Engine Land,https://searchengineland.com/
News,NY,New York,The New York Times,https://www.nytimes.com/
News,WA,Seattle,The Seattle Times,https://www.seattletimes.com/
News,CA,Los Angeles,Los Angeles Times,https://www.latimes.com/
News,DC,Washington,D.C.,The Washington Post,https://www.washingtonpost.com/
News,MA,Boston,Boston Globe,https://www.bostonglobe.com/
News,TX,Dallas,Dallas Morning News,https://www.dallasnews.com/
News,IL,Chicago,Chicago Tribune,https://www.chicagotribune.com/
News,CA,San Francisco,San Francisco Chronicle,https://www.sfchronicle.com/
News,FL,Miami,Miami Herald,https://www.miamiherald.com/
News,NY,Buffalo,Buffalo News,https://www.buffalonews.com/
News,PA,Pittsburgh,Pittsburgh Post-Gazette,https://www.post-gazette.com/
News,NV,Las Vegas,Las Vegas Review-Journal,https://www.reviewjournal.com/
News,TX,Austin,Austin American-Statesman,https://www.statesman.com/
News,OH,Cleveland,Cleveland Plain Dealer,https://www.cleveland.com/
News,CO,Denver,Denver Post,https://www.denverpost.com/
News,OR,Portland,Oregonian,https://www.oregonlive.com/
News,DC,Washington,D.C.,Politico,https://www.politico.com/
News,MA,Newton,Boston Herald,https://www.bostonherald.com/
News,NJ,Newark,Newark Star-Ledger,https://www.nj.com/
News,CA,Sacramento,Sacramento Bee,https://www.sacbee.com/
News,TX,Houston,Houston Chronicle,https://www.houstonchronicle.com/
News,MD,Baltimore,Baltimore Sun,https://www.baltimoresun.com/
News,NY,Rochester,Democrat and Chronicle,https://www.democratandchronicle.com/
News,UT,Salt Lake City,Salt Lake Tribune,https://www.sltrib.com/
News,NY,Albany,Times Union,https://www.timesunion.com/
News,IL,Peoria,Peoria Journal Star,https://www.pjstar.com/
News,CA,Santa Monica,The Daily News,https://www.dailynews.com/
News,VA,Richmond,Richmond Times-Dispatch,https://www.richmond.com/
News,WA,Tacoma,Tacoma News Tribune,https://www.thenewstribune.com/
News,CA,San Diego,San Diego Union-Tribune,https://www.sandiegouniontribune.com/
News,NY,White Plains,The Journal News,https://www.lohud.com/
News,FL,Tampa,Tampa Bay Times,https://www.tampabay.com/
News,AZ,Phoenix,Arizona Republic,https://www.azcentral.com/
News,SC,Columbia,The State,https://www.thestate.com/
News,MI,Detroit,Detroit Free Press,https://www.freep.com/
News,AL,Birmingham,Birmingham News,https://www.al.com/birmingham/
News,CT,Hartford,Hartford Courant,https://www.courant.com/
Publishing,NY,New York,Random House,https://www.randomhouse.com/
Publishing,NY,New York,Penguin Books,https://www.penguinrandomhouse.com/
Publishing,NY,New York,HarperCollins,https://www.harpercollins.com/
Publishing,CA,Los Angeles,Simon & Schuster,https://www.simonandschuster.com/
Publishing,CA,San Francisco,Chronicle Books,https://www.chroniclebooks.com/
Publishing,NY,New York,Macmillan Publishers,https://us.macmillan.com/
Publishing,MA,Cambridge,MIT Press,https://mitpress.mit.edu/
Publishing,NY,New York,Workman Publishing,https://www.workman.com/
Publishing,IL,Chicago,Sourcebooks,https://www.sourcebooks.com/
Publishing,NY,New York,Little Brown and Company,https://www.littlebrown.com/
Publishing,NY,New York,Scholastic,https://www.scholastic.com/
Publishing,MA,Boston,Houghton Mifflin Harcourt,https://www.hmhco.com/
Publishing,NY,New York,Oxford University Press,https://global.oup.com/
Publishing,NY,New York,New York University Press,https://nyupress.org/
Publishing,WA,Seattle,University of Washington Press,https://uwpress.uw.edu/
Publishing,NY,New York,Routledge,https://www.routledge.com/
Publishing,CA,Santa Monica,Quirk Books,https://www.quirkbooks.com/
Publishing,NY,New York,St. Martin's Press,https://us.macmillan.com/stmartinspress/
Publishing,CA,Los Angeles,TarcherPerigee,https://www.penguinrandomhouse.com/imprints/perigee/
Publishing,CA,Los Angeles,Greenleaf Book Group,https://www.greenleafbookgroup.com/
Publishing,CT,New Haven,Yale University Press,https://yalebooks.yale.edu/
Publishing,TX,Austin,University of Texas Press,https://utpress.utexas.edu/
Publishing,CO,Boulder,Westview Press,https://www.westviewpress.com/
Publishing,MN,Minneapolis,Milkweed Editions,https://milkweed.org/
Publishing,CA,San Diego,Soft Skull Press,https://www.softskull.com/
Publishing,IL,Chicago,Haymarket Books,https://www.haymarketbooks.org/
Publishing,NY,New York,Beacon Press,https://www.beacon.org/
Publishing,CA,Oakland,PM Press,https://www.pmpress.org/
Publishing,NY,New York,Amber Books,https://www.amberbooks.com/
Publishing,NY,New York,Triumph Books,https://www.triumphbooks.com/
Publishing,CA,Los Angeles,Amistad Press,https://www.harpercollins.com/amistad/
Publishing,NY,New York,Alfred A. Knopf,https://knopfdoubleday.com/
Publishing,CA,Santa Barbara,Parallax Press,https://www.parallax.org/
Publishing,NY,New York,Princeton University Press,https://press.princeton.edu/
Publishing,IL,Chicago,The University of Chicago Press,https://www.press.uchicago.edu/
Publishing,NY,New York,Little A,https://www.littlea.com/
Publishing,VA,Alexandria,Potomac Books,https://www.potomacbooksinc.com/
Publishing,NY,New York,Cambridge University Press,https://www.cambridge.org/
Publishing,MA,Boston,Beacon Hill Press,https://beaconhillpress.com/
Publishing,CA,Los Angeles,Blackstone Publishing,https://www.blackstonepublishing.com/
Publishing,NY,New York,Book Publishing Company,https://www.bookpublishingcompany.com/
Publishing,NY,New York,Workman Publishing Company,https://www.workman.com/
Publishing,WA,Bellevue,Microsoft Press,https://www.microsoft.com/en-us/mspress/
Publishing,CA,Los Angeles,Counterpoint Press,https://www.counterpointpress.com/
Publishing,NY,New York,University of the State of New York,https://www.nysed.gov/
Publishing,TX,Houston,Ingram Content Group,https://www.ingramcontent.com/
Publishing,CO,Denver,University Press of Colorado,https://www.upcolorado.com/
Publishing,NY,New York,The New Press,https://thenewpress.com/
Publishing,WA,Seattle,Seattle University Press,https://www.seattleu.edu/
Publishing,NY,New York,Algonquin Books,https://www.algonquin.com/
Publishing,CA,Santa Cruz,Book Publishing,https://www.bookpublishing.com/
Publishing,MA,Northampton,Levellers Press,https://levellerspress.com/
Publishing,NY,New York,Springer Nature,https://www.springernature.com/
Publishing,PA,Philadelphia,Temple University Press,https://tupress.temple.edu/
Publishing,TX,College Station,Texas A&M University Press,https://www.tamupress.com/
Software,CA,Redmond,Microsoft,https://www.microsoft.com/
Software,CA,Mountain View,Google,https://www.google.com/
Software,CA,Cupertino,Apple,https://www.apple.com/
Software,MA,Cambridge,MIT Media Lab,https://www.media.mit.edu/
Software,CA,Santa Clara,Intel,https://www.intel.com/
Software,WA,Seattle,Amazon,https://www.amazon.com/
Software,CA,Santa Monica,Snap Inc.,https://www.snap.com/
Software,NY,New York,IBM,https://www.ibm.com/
Software,CA,San Francisco,Salesforce,https://www.salesforce.com/
Software,TX,Austin,Oracle,https://www.oracle.com/
Software,WA,Bellevue,Expedia Group,https://www.expedia.com/
Software,CA,San Jose,Adobe,https://www.adobe.com/
Software,CA,Foster City,VMware,https://www.vmware.com/
Software,IL,Chicago,Grubhub,https://www.grubhub.com/
Software,PA,Pittsburgh,Duolingo,https://www.duolingo.com/
Software,MA,Boston,HubSpot,https://www.hubspot.com/
Software,CA,Los Angeles,DocuSign,https://www.docusign.com/
Software,WA,Seattle,Zillow,https://www.zillow.com/
Software,CA,Santa Clara,ServiceNow,https://www.servicenow.com/
Software,TX,Plano,Intuit,https://www.intuit.com/
Software,CA,Santa Barbara,Yelp,https://www.yelp.com/
Software,CO,Denver,SendGrid,https://sendgrid.com/
Software,IL,Chicago,Credit Karma,https://www.creditkarma.com/
Software,NY,New York,Slack Technologies,https://slack.com/
Software,CA,Redwood City,Palo Alto Networks,https://www.paloaltonetworks.com/
Software,MA,Boston,TripAdvisor,https://www.tripadvisor.com/
Software,CA,San Francisco,Asana,https://asana.com/
Software,NY,New York,Trello,https://trello.com/
Software,TX,Austin,Dropbox,https://www.dropbox.com/
Software,CA,San Diego,Qualcomm,https://www.qualcomm.com/
Software,MA,Cambridge,Evernote,https://evernote.com/
Software,CA,Pleasanton,Workday,https://www.workday.com/
Software,WA,Bellevue,Smartsheet,https://www.smartsheet.com/
Software,CA,Santa Clara,Box,https://www.box.com/
Software,CA,Fremont,Roblox,https://www.roblox.com/
Software,CA,Mission Viejo,DigitalOcean,https://www.digitalocean.com/
Software,MA,Waltham,LogMeIn,https://www.logmein.com/
Software,NY,New York,GitHub,https://github.com/
Software,TX,Austin,SurveyMonkey,https://www.surveymonkey.com/
Software,IL,Chicago,ThoughtWorks,https://www.thoughtworks.com/
Software,CA,Sunnyvale,Zebra Technologies,https://www.zebra.com/
Software,WA,Redmond,Tableau Software,https://www.tableau.com/
Software,NY,Brooklyn,Squarespace,https://www.squarespace.com/
Software,CO,Boulder,Tenfold,https://www.tenfold.com/
Software,VA,Herndon,MicroStrategy,https://www.microstrategy.com/
Software,CA,Santa Clara,Telerik,https://www.telerik.com/
Software,MD,Bethesda,OpenAI,https://openai.com/
Software,MN,Minneapolis,Jamf,https://www.jamf.com/
Software,OH,Columbus,PathForward,https://pathforward.org/
Software,WA,Seattle,Remitly,https://www.remitly.com/
Software,CA,Los Angeles,Evergreen Technologies,https://evergreentechnologies.com/
Software,TX,Dallas,Stack Overflow,https://stackoverflow.com/
Software,FL,Miami,Modernizing Medicine,https://www.modernizingmedicine.com/
Software,CA,San Francisco,Postman,https://www.postman.com/
FedDept,DC,Washington,Department of State,https://www.state.gov/
FedDept,DC,Washington,Department of the Treasury,https://home.treasury.gov/
FedDept,DC,Washington,Department of Defense,https://www.defense.gov/
FedDept,DC,Washington,Department of Justice,https://www.justice.gov/
FedDept,DC,Washington,Department of the Interior,https://www.doi.gov/
FedDept,DC,Washington,Department of Agriculture,https://www.usda.gov/
FedDept,DC,Washington,Department of Commerce,https://www.commerce.gov/
FedDept,DC,Washington,Department of Labor,https://www.dol.gov/
FedDept,DC,Washington,Department of Health and Human Services,https://www.hhs.gov/
FedDept,DC,Washington,Department of Education,https://www.ed.gov/
FedDept,DC,Washington,Department of Energy,https://www.energy.gov/
FedDept,DC,Washington,Department of Transportation,https://www.transportation.gov/
FedDept,DC,Washington,Department of Housing and Urban Development,https://www.hud.gov/
FedDept,DC,Washington,Department of Veterans Affairs,https://www.va.gov/
FedDept,DC,Washington,Department of Homeland Security,https://www.dhs.gov/
FedDept,DC,Washington,Environmental Protection Agency,https://www.epa.gov/
FedDept,DC,Washington,Nationwide Intelligence Director,https://www.dni.gov/
FedDept,DC,Washington,Office of Management and Budget,https://www.whitehouse.gov/omb/
FedDept,DC,Washington,U.S. Small Business Administration,https://www.sba.gov/
FedDept,DC,Washington,Social Security Administration,https://www.ssa.gov/
FedDept,DC,Washington,U.S. Agency for International Development,https://www.usaid.gov/
FedDept,DC,Washington,U.S. General Services Administration,https://www.gsa.gov/
FedDept,DC,Washington,U.S. National Archives and Records Administration,https://www.archives.gov/
FedDept,DC,Washington,U.S. Office of Personnel Management,https://www.opm.gov/
FedLab,IL,Argonne,Argonne National Laboratory,https://www.anl.gov/
FedLab,NM,Los Alamos,Los Alamos National Laboratory,https://www.lanl.gov/
FedLab,TN,Oak Ridge,Oak Ridge National Laboratory,https://www.ornl.gov/
FedLab,CA,Berkeley,Lawrence Berkeley National Laboratory,https://www.lbl.gov/s
FedLab,NM,Albuquerque,Sandia National Laboratories,https://www.sandia.gov/
FedLab,WA,Richland,Pacific Northwest National Laboratory,https://www.pnnl.gov/
FedLab,NY,Upton,Brookhaven National Laboratory,https://www.bnl.gov/
FedLab,IL,Batavia,Fermi National Accelerator Laboratory,https://www.fnal.gov/
FedLab,ID,Idaho Falls,Idaho National Laboratory,https://inl.gov/
FedLab,CO,Golden,National Renewable Energy Laboratory,https://www.nrel.gov/
FedLab,SC,Aiken,Savannah River National Laboratory,https://srnl.doe.gov/
FedLab,CA,Menlo Park,SLAC National Accelerator Laboratory,https://www.slac.stanford.edu/
FedLab,VA,Newport News,Thomas Jefferson National Accelerator Facility,https://www.jlab.org/
FedLab,CA,Pasadena,California Institute of Technology (Caltech),https://www.caltech.edu/
FedLab,TX,Lake Jackson,Texas A&M University Galveston,https://www.tamug.edu/
FedLab,MD,Rockville,National Institute of Standards and Technology,https://www.nist.gov/
FedLab,CA,Los Angeles,Los Angeles National Laboratory,https://www.lanl.gov/
FedLab,CA,Livermore,Lawrence Livermore National Laboratory,https://www.llnl.gov/
FedLab,KY,Lexington,University of Kentucky Research Foundation,https://www.uky.edu/
FedLab,WV,White Oak,National Energy Technology Laboratory,https://www.netl.doe.gov/
FedLab,HI,Honolulu,Pacific International Center for High Technology Research,https://www.picht.org/
FedPark,AK,Denali,Denali National Park and Preserve,https://www.nps.gov/dena/index.htm
FedPark,AK,Gates of the Arctic,Gates of the Arctic National Park and Preserve,https://www.nps.gov/gaar/index.htm
FedPark,AZ,Grand Canyon,Grand Canyon National Park,https://www.nps.gov/grca/index.htm
FedPark,AR,Hot Springs,Hot Springs National Park,https://www.nps.gov/hosp/index.htm
FedPark,CA,Yosemite,Yosemite National Park,https://www.nps.gov/yose/index.htm
FedPark,CA,Joshua Tree,Joshua Tree National Park,https://www.nps.gov/jotr/index.htm
FedPark,CA,Sequoia,Sequoia and Kings Canyon National Parks,https://www.nps.gov/seki/index.htm
FedPark,CO,Rocky Mountain,Rocky Mountain National Park,https://www.nps.gov/romo/index.htm
FedPark,CT,Weir Farm,Weir Farm National Historical Park,https://www.nps.gov/wefa/index.htm
FedPark,DC,Rock Creek Park,Rock Creek Park,https://www.nps.gov/rocr/index.htm
FedPark,FL,Everglades,Everglades National Park,https://www.nps.gov/ever/index.htm
FedPark,GA,Chattahoochee River,Chattahoochee River National Recreation Area,https://www.nps.gov/chatt/index.htm
FedPark,HI,Haleakalā,Haleakalā National Park,https://www.nps.gov/hale/index.htm
FedPark,HI,Hawai'i Volcanoes,Hawai'i Volcanoes National Park,https://www.nps.gov/havo/index.htm
FedPark,ID,Yellowstone,Yellowstone National Park,https://www.nps.gov/yell/index.htm
FedPark,IL,Indiana Dunes,Indiana Dunes National Park,https://www.nps.gov/indu/index.htm
FedPark,IN,Indiana Dunes,Indiana Dunes National Park,https://www.nps.gov/indu/index.htm
FedPark,IA,Effigy Mounds,Effigy Mounds National Monument,https://www.nps.gov/efmo/index.htm
FedPark,KS,Tallgrass Prairie,Tallgrass Prairie National Preserve,https://www.nps.gov/tapr/index.htm
FedPark,KY,Red River Gorge,Red River Gorge Geological Area,https://www.nps.gov/redi/index.htm
FedPark,LA,New Orleans Jazz,New Orleans Jazz National Historical Park,https://www.nps.gov/jazz/index.htm
FedPark,ME,Acadia,Acadia National Park,https://www.nps.gov/acad/index.htm
FedPark,MD,Assateague Island,Assateague Island National Seashore,https://www.nps.gov/asis/index.htm
FedPark,MA,Minute Man,Minute Man National Historical Park,https://www.nps.gov/mima/index.htm
FedPark,MI,Isle Royale,Isle Royale National Park,https://www.nps.gov/isro/index.htm
FedPark,MN,Voyageurs,Voyageurs National Park,https://www.nps.gov/voya/index.htm
FedPark,MS,Shiloh,Shiloh National Military Park,https://www.nps.gov/shil/index.htm
FedPark,MO,Gateway Arch,Gateway Arch National Park,https://www.nps.gov/arch/index.htm
FedPark,MT,Glacier,Glacier National Park,https://www.nps.gov/glac/index.htm
FedPark,NE,Chimney Rock,Chimney Rock National Historic Site,https://www.nps.gov/chro/index.htm
FedPark,NV,Red Rock Canyon,Red Rock Canyon National Conservation Area,https://www.blm.gov/visit/red-rock-canyon
FedPark,NH,White Mountain,White Mountain National Forest,https://www.fs.usda.gov/main/whitemountain/home
FedPark,NJ,Gateway,Gateway National Recreation Area,https://www.nps.gov/gate/index.htm
FedPark,NM,Carlsbad Caverns,Carlsbad Caverns National Park,https://www.nps.gov/cave/index.htm
FedPark,NY,Yosemite,Yosemite National Park,https://www.nps.gov/yose/index.htm
FedPark,NC,Great Smoky Mountains,Great Smoky Mountains National Park,https://www.nps.gov/grsm/index.htm
FedPark,ND,Theodore Roosevelt,Theodore Roosevelt National Park,https://www.nps.gov/thro/index.htm
FedPark,OH,Cuyahoga Valley,Cuyahoga Valley National Park,https://www.nps.gov/cuva/index.htm
FedPark,OK,Chickasaw,Chickasaw National Recreation Area,https://www.nps.gov/chic/index.htm
FedPark,OR,Crater Lake,Crater Lake National Park,https://www.nps.gov/crla/index.htm
FedPark,PA,Gettysburg,Gettysburg National Military Park,https://www.nps.gov/gett/index.htm
FedPark,RI,Theodore Francis Green,Theodore Francis Green State Airport,https://www.nps.gov/gree/index.htm
FedPark,SC,Charleston,Fort Sumter National Monument,https://www.nps.gov/fosu/index.htm
FedPark,SD,Mount Rushmore,Mount Rushmore National Memorial,https://www.nps.gov/moru/index.htm
FedPark,TN,Great Smoky Mountains,Great Smoky Mountains National Park,https://www.nps.gov/grsm/index.htm
FedPark,TX,Big Bend,Big Bend National Park,https://www.nps.gov/bibe/index.htm
FedPark,UT,Zion,Zion National Park,https://www.nps.gov/zion/index.htm
FedPark,UT,Arches,Arches National Park,https://www.nps.gov/arch/index.htm
FedPark,VT,Marsh-Billings-Rockefeller,Marsh-Billings-Rockefeller National Historical Park,https://www.nps.gov/mabi/index.htm
FedPark,VA,Shenandoah,Shenandoah National Park,https://www.nps.gov/shen/index.htm
FedPark,WA,Mount Rainier,Mount Rainier National Park,https://www.nps.gov/mora/index.htm
FedPark,WV,New River Gorge,New River Gorge National Park and Preserve,https://www.nps.gov/neri/index.htm
FedPark,WI,Devil's Lake,Devil's Lake State Park,https://dnr.wi.gov/topic/parks/name/devilslake/
FedPark,WY,Yellowstone,Yellowstone National Park,https://www.nps.gov/yell/index.htm
StCongress,AL,Montgomery,Alabama State Legislature,https://www.legislature.state.al.us/
StCongress,AK,Juneau,Alaska State Legislature,https://akleg.gov/
StCongress,AZ,Phoenix,Arizona State Legislature,https://azleg.gov/
StCongress,AR,Little Rock,Arkansas General Assembly,https://www.arkleg.state.ar.us/
StCongress,CA,Sacramento,California State Legislature,https://www.legislature.ca.gov/
StCongress,CO,Denver,Colorado General Assembly,https://www.leg.colorado.gov/
StCongress,CT,Hartford,Connecticut General Assembly,https://www.cga.ct.gov/
StCongress,DE,Dover,Delaware General Assembly,https://legis.delaware.gov/
StCongress,FL,Tallahassee,Florida Legislature,https://www.leg.state.fl.us/
StCongress,GA,Atlanta,Georgia General Assembly,https://www.legis.ga.gov/
StCongress,HI,Honolulu,Hawaii State Legislature,https://www.capitol.hawaii.gov/
StCongress,ID,Boise,Idaho Legislature,https://legislature.idaho.gov/
StCongress,IL,Springfield,Illinois General Assembly,https://www.ilga.gov/
StCongress,IN,Indianapolis,Indiana General Assembly,https://iga.in.gov/
StCongress,IA,Des Moines,Iowa General Assembly,https://www.legis.iowa.gov/
StCongress,KS,Topeka,Kansas Legislature,https://www.kslegislature.org/
StCongress,KY,Frankfort,Kentucky General Assembly,https://legislature.ky.gov/
StCongress,LA,Baton Rouge,Louisiana State Legislature,https://www.legis.la.gov/
StCongress,ME,Augusta,Maine State Legislature,https://legislature.maine.gov/
StCongress,MD,Annapolis,Maryland General Assembly,https://mgaleg.maryland.gov/
StCongress,MA,Boston,Massachusetts General Court,https://malegislature.gov/
StCongress,MI,Lansing,Michigan Legislature,https://www.legislature.mi.gov/
StCongress,MN,St. Paul,Minnesota Legislature,https://www.leg.state.mn.us/
StCongress,MS,Jackson,Mississippi Legislature,https://legislature.ms.gov/
StCongress,MO,Jefferson City,Missouri General Assembly,https://www.house.mo.gov/
StCongress,MT,Helena,Montana Legislature,https://leg.mt.gov/
StCongress,NE,Lincoln,Nebraska Unicameral Legislature,https://nebraskalegislature.gov/
StCongress,NV,Carson City,Nevada Legislature,https://www.leg.state.nv.us/
StCongress,NH,Concord,New Hampshire General Court,https://www.gencourt.state.nh.us/
StCongress,NJ,Trenton,New Jersey Legislature,https://www.njleg.state.nj.us/
StCongress,NM,Santa Fe,New Mexico Legislature,https://www.nmlegis.gov/
StCongress,NY,Albany,New York State Legislature,https://www.ny.gov/
StCongress,NC,Raleigh,North Carolina General Assembly,https://www.ncleg.gov/
StCongress,ND,Bismarck,North Dakota Legislative Assembly,https://www.legis.nd.gov/
StCongress,OH,Columbus,Ohio General Assembly,https://www.legislature.ohio.gov/
StCongress,OK,Oklahoma City,Oklahoma Legislature,https://www.oklegislature.gov/
StCongress,OR,Salem,Oregon Legislative Assembly,https://www.oregonlegislature.gov/
StCongress,PA,Harrisburg,Pennsylvania General Assembly,https://www.legis.state.pa.us/
StCongress,RI,Providence,Rhode Island General Assembly,https://www.rilegislature.gov/
StCongress,SC,Columbia,South Carolina General Assembly,https://www.scstatehouse.gov/
StCongress,SD,Pierre,South Dakota Legislature,https://sdlegislature.gov/
StCongress,TN,Nashville,Tennessee General Assembly,https://www.capitol.tn.gov/
StCongress,TX,Austin,Texas Legislature,https://capitol.texas.gov/
StCongress,UT,Salt Lake City,Utah State Legislature,https://le.utah.gov/
StCongress,VT,Montpelier,Vermont General Assembly,https://legislature.vermont.gov/
StCongress,VA,Richmond,Virginia General Assembly,https://virginiageneralassembly.gov/
StCongress,WA,Olympia,Washington State Legislature,https://leg.wa.gov/
StCongress,WV,Charleston,West Virginia Legislature,https://www.wvlegislature.gov/
StCongress,WI,Madison,Wisconsin State Legislature,https://legis.wisconsin.gov/
StCongress,WY,Cheyenne,Wyoming Legislature,https://www.wyoleg.gov/
StGovernor,AL,Montgomery,Governor of Alabama,https://governor.alabama.gov/
StGovernor,AK,Juneau,Governor of Alaska,https://gov.alaska.gov/
StGovernor,AZ,Phoenix,Governor of Arizona,https://azgovernor.gov/
StGovernor,AR,Little Rock,Governor of Arkansas,https://governor.arkansas.gov/
StGovernor,CA,Sacramento,Governor of California,https://www.gov.ca.gov/
StGovernor,CO,Denver,Governor of Colorado,https://www.colorado.gov/governor/
StGovernor,CT,Hartford,Governor of Connecticut,https://portal.ct.gov/Office-of-the-Governor
StGovernor,DE,Dover,Governor of Delaware,https://governor.delaware.gov/
StGovernor,FL,Tallahassee,Governor of Florida,https://www.flgov.com/
StGovernor,GA,Atlanta,Governor of Georgia,https://gov.georgia.gov/
StGovernor,HI,Honolulu,Governor of Hawaii,https://governor.hawaii.gov/
StGovernor,ID,Boise,Governor of Idaho,https://gov.idaho.gov/
StGovernor,IL,Springfield,Governor of Illinois,https://www2.illinois.gov/Pages/default.aspx
StGovernor,IN,Indianapolis,Governor of Indiana,https://www.in.gov/gov/
StGovernor,IA,Des Moines,Governor of Iowa,https://governor.iowa.gov/
StGovernor,KS,Topeka,Governor of Kansas,https://governor.ks.gov/
StGovernor,KY,Frankfort,Governor of Kentucky,https://governor.ky.gov/
StGovernor,LA,Baton Rouge,Governor of Louisiana,https://gov.louisiana.gov/
StGovernor,ME,Augusta,Governor of Maine,https://www.maine.gov/governor/
StGovernor,MD,Annapolis,Governor of Maryland,https://governor.maryland.gov/
StGovernor,MA,Boston,Governor of Massachusetts,https://www.mass.gov/orgs/office-of-the-governor
StGovernor,MI,Lansing,Governor of Michigan,https://www.michigan.gov/governor/
StGovernor,MN,St. Paul,Governor of Minnesota,https://mn.gov/governor/
StGovernor,MS,Jackson,Governor of Mississippi,https://www.governorbryant.com/
StGovernor,MO,Jefferson City,Governor of Missouri,https://governor.mo.gov/
StGovernor,MT,Helena,Governor of Montana,https://governor.mt.gov/
StGovernor,NE,Lincoln,Governor of Nebraska,https://governor.nebraska.gov/
StGovernor,NV,Carson City,Governor of Nevada,https://gov.nv.gov/
StGovernor,NH,Concord,Governor of New Hampshire,https://www.governor.nh.gov/
StGovernor,NJ,Trenton,Governor of New Jersey,https://www.nj.gov/governor/
StGovernor,NM,Santa Fe,Governor of New Mexico,https://www.governor.state.nm.us/
StGovernor,NY,Albany,Governor of New York,https://www.governor.ny.gov/
StGovernor,NC,Raleigh,Governor of North Carolina,https://governor.nc.gov/
StGovernor,ND,Bismarck,Governor of North Dakota,https://vip.sos.nd.gov/PortalList.aspx
StGovernor,OH,Columbus,Governor of Ohio,https://governor.ohio.gov/
StGovernor,OK,Oklahoma City,Governor of Oklahoma,https://www.ok.gov/governor/
StGovernor,OR,Salem,Governor of Oregon,https://www.oregon.gov/gov/Pages/index.aspx
StGovernor,PA,Harrisburg,Governor of Pennsylvania,https://www.governor.pa.gov/
StGovernor,RI,Providence,Governor of Rhode Island,https://www.governor.ri.gov/
StGovernor,SC,Columbia,Governor of South Carolina,https://governor.sc.gov/
StGovernor,SD,Pierre,Governor of South Dakota,https://sd.gov/governor/
StGovernor,TN,Nashville,Governor of Tennessee,https://www.tn.gov/governor/
StGovernor,TX,Austin,Governor of Texas,https://gov.texas.gov/
StGovernor,UT,Salt Lake City,Governor of Utah,https://governor.utah.gov/
StGovernor,VT,Montpelier,Governor of Vermont,https://governor.vermont.gov/
StGovernor,VA,Richmond,Governor of Virginia,https://www.governor.virginia.gov/
StGovernor,WA,Olympia,Governor of Washington,https://www.governor.wa.gov/
StGovernor,WV,Charleston,Governor of West Virginia,https://www.governor.wv.gov/
StGovernor,WI,Madison,Governor of Wisconsin,https://www.gov.wi.gov/
StGovernor,WY,Cheyenne,Governor of Wyoming,https://www.wyoming.gov/governor/
StSupCourt,AL,Montgomery,Alabama Supreme Court,https://judicial.alabama.gov/
StSupCourt,AK,Anchorage,Alaska Supreme Court,https://courts.alaska.gov/
StSupCourt,AZ,Phoenix,Arizona Supreme Court,https://www.azcourts.gov/
StSupCourt,AR,Little Rock,Arkansas Supreme Court,https://www.arcourts.gov/
StSupCourt,CA,Sacramento,California Supreme Court,https://www.courts.ca.gov/
StSupCourt,CO,Denver,Colorado Supreme Court,https://www.courts.state.co.us/
StSupCourt,CT,Hartford,Connecticut Supreme Court,https://www.jud.ct.gov/
StSupCourt,DE,Dover,Delaware Supreme Court,https://courts.delaware.gov/
StSupCourt,FL,Tallahassee,Florida Supreme Court,https://www.floridasupremecourt.org/
StSupCourt,GA,Atlanta,Georgia Supreme Court,https://www.gasupreme.us/
StSupCourt,HI,Honolulu,Hawaii Supreme Court,https://www.courts.state.hi.us/
StSupCourt,ID,Boise,Idaho Supreme Court,https://isc.idaho.gov/
StSupCourt,IL,Springfield,Illinois Supreme Court,https://www.illinoiscourts.gov/
StSupCourt,IN,Indianapolis,Indiana Supreme Court,https://www.in.gov/judiciary/supreme/
StSupCourt,IA,Des Moines,Iowa Supreme Court,https://www.iowacourts.gov/
StSupCourt,KS,Topeka,Kansas Supreme Court,https://www.kscourts.org/
StSupCourt,KY,Frankfort,Kentucky Supreme Court,https://kycourts.gov/
StSupCourt,LA,Baton Rouge,Louisiana Supreme Court,https://www.lasc.org/
StSupCourt,ME,Augusta,Maine Supreme Judicial Court,https://www.courts.maine.gov/
StSupCourt,MD,Annapolis,Maryland Court of Appeals,https://www.courts.state.md.us/
StSupCourt,MA,Boston,Massachusetts Supreme Judicial Court,https://www.mass.gov/orgs/supreme-judicial-court
StSupCourt,MI,Lansing,Michigan Supreme Court,https://www.courts.mi.gov/
StSupCourt,MN,St. Paul,Minnesota Supreme Court,https://www.mncourts.gov/
StSupCourt,MS,Jackson,Mississippi Supreme Court,https://courts.ms.gov/
StSupCourt,MO,Jefferson City,Missouri Supreme Court,https://www.courts.mo.gov/
StSupCourt,MT,Helena,Montana Supreme Court,https://supremecourt.mt.gov/
StSupCourt,NE,Lincoln,Nebraska Supreme Court,https://supremecourt.nebraska.gov/
StSupCourt,NV,Carson City,Nevada Supreme Court,https://nvcourts.gov/
StSupCourt,NH,Concord,New Hampshire Supreme Court,https://www.courts.nh.gov/
StSupCourt,NJ,Trenton,New Jersey Supreme Court,https://www.njcourts.gov/
StSupCourt,NM,Santa Fe,New Mexico Supreme Court,https://www.nmcourts.gov/
StSupCourt,NY,Albany,New York Court of Appeals,https://www.nycourts.gov/courts/ad4/
StSupCourt,NC,Raleigh,North Carolina Supreme Court,https://www.nccourts.gov/
StSupCourt,ND,Bismarck,North Dakota Supreme Court,https://www.ndcourts.gov/
StSupCourt,OH,Columbus,Ohio Supreme Court,https://www.supremecourt.ohio.gov/
StSupCourt,OK,Oklahoma City,Oklahoma Supreme Court,https://www.oscn.net/
StSupCourt,OR,Salem,Oregon Supreme Court,https://www.courts.oregon.gov/
StSupCourt,PA,Harrisburg,Pennsylvania Supreme Court,https://www.pacourts.us/
StSupCourt,RI,Providence,Rhode Island Supreme Court,https://www.courts.ri.gov/
StSupCourt,SC,Columbia,South Carolina Supreme Court,https://www.sccourts.org/
StSupCourt,SD,Pierre,South Dakota Supreme Court,https://ujs.sd.gov/
StSupCourt,TN,Nashville,Tennessee Supreme Court,https://www.tncourts.gov/
StSupCourt,TX,Austin,Texas Supreme Court,https://www.txcourts.gov/supreme/
StSupCourt,UT,Salt Lake City,Utah Supreme Court,https://www.utcourts.gov/
StSupCourt,VT,Montpelier,Vermont Supreme Court,https://www.vermontjudiciary.org/
StSupCourt,VA,Richmond,Virginia Supreme Court,https://www.vacourts.gov/
StSupCourt,WA,Olympia,Washington Supreme Court,https://www.courts.wa.gov/
StSupCourt,WV,Charleston,West Virginia Supreme Court,https://www.courtswv.gov/
StSupCourt,WI,Madison,Wisconsin Supreme Court,https://www.wicourts.gov/
StSupCourt,WY,Cheyenne,Wyoming Supreme Court,https://www.courts.state.wy.us/
