Category,State,City,Institution,Website
Toys,California,El Segundo,Mattel,https://www.mattel.com
Toys,California,Burbank,Funko,https://www.funko.com
Toys,California,Carlsbad,The LEGO Group,https://www.lego.com
Toys,California,Santa Monica,JAKKS Pacific,https://www.jakks.com
Toys,California,Van Nuys,MGA Entertainment,https://www.mgae.com
Toys,California,El Segundo,Spin Master,https://www.spinmaster.com
Toys,California,San Francisco,Kidrobot,https://www.kidrobot.com
Toys,California,San Francisco,Super7,https://super7.com
Toys,California,Los Angeles,Basic Fun!,https://www.basicfun.com
Toys,California,Los Angeles,Moose Toys,https://www.moosetoys.com
Toys,California,Los Angeles,Wham-O,https://www.wham-o.com
Toys,California,Los Angeles,Goliath Games,https://www.goliathgames.us
Toys,California,Los Angeles,Horizon Group USA,https://www.horizongroupusa.com
Toys,California,Sacramento,Luki Lab,https://www.lukilab.com
Toys,Washington,Seattle,Funko Games,https://www.funko.com/games
Toys,Washington,Seattle,Wonder Forge,https://wonderforge.com
Toys,Oregon,Portland,ThinkFun,https://www.thinkfun.com
Toys,Oregon,Beaverton,Puppet Partners,https://www.puppetpartners.com
Toys,New York,New York,Hasbro,https://www.hasbro.com
Toys,New York,New York,Scholastic,https://www.scholastic.com
Toys,New York,New York,Marvel Entertainment,https://www.marvel.com
Toys,New York,New York,PlayMonster,https://www.playmonster.com
Toys,New York,New York,Ravensburger USA,https://www.ravensburger.us
Toys,New York,New York,Little Tikes,https://www.littletikes.com
Toys,New York,New York,Melissa & Doug,https://www.melissaanddoug.com
Toys,New York,New York,KidKraft,https://www.kidkraft.com
Toys,Pennsylvania,Hatfield,K'NEX,https://www.knex.com
Toys,Pennsylvania,Easton,Crayola,https://www.crayola.com
Toys,Illinois,Chicago,Big Monster Toys,https://www.bigmonstertoys.com
Toys,Illinois,Chicago,Fat Brain Toys,https://www.fatbraintoys.com
Toys,Illinois,Chicago,Toysmith,https://www.toysmith.com
Toys,Ohio,Cincinnati,The United States Playing Card Company,https://www.usplayingcard.com
Toys,Ohio,West Chester,Step2,https://www.step2.com
Toys,Massachusetts,Pawtucket,Hasbro Gaming,https://www.hasbrogaming.com
Toys,Massachusetts,Natick,Zuru,https://zuru.com
Toys,Rhode Island,Providence,Hape Toys,https://www.hapetoys.com
Toys,Rhode Island,Providence,Briarpatch,https://www.briarpatch.com
Toys,Texas,Dallas,ToyJoy,https://www.toyjoy.com
Toys,Texas,Dallas,The Toy Maven,https://www.toymaven.com
Toys,Texas,Austin,Wicked Cool Toys,https://www.wickedcooltoys.com
Toys,Georgia,Atlanta,ThinkGeek,https://www.thinkgeek.com
Toys,Michigan,Ann Arbor,Innovative Kids,https://www.innovativekids.com
Toys,Colorado,Boulder,MindWare,https://www.mindware.orientaltrading.com
Toys,Colorado,Broomfield,USAopoly,https://www.usaopoly.com
Toys,Florida,Orlando,Mattel Games,https://service.mattel.com/us/games
Toys,Florida,Jacksonville,Kahootz Toys,https://www.kahootztoys.com
Toys,Wisconsin,Middleton,American Girl,https://www.americangirl.com
Toys,Wisconsin,Middleton,Fisher-Price,https://www.fisher-price.com
Toys,Virginia,Arlington,Discovery Toys,https://www.discoverytoys.net
Toys,Minnesota,St. Paul,Magformers,https://www.magformers.com
Toys,Minnesota,St. Paul,Gamewright,https://gamewright.com
Toys,Minnesota,Minnetonka,Manhattan Toy,https://www.manhattantoy.com
Toys,Indiana,Fishers,Toys For Tots,https://www.toysfortots.org
Toys,Maryland,Baltimore,Marbles: The Brain Store,https://www.marblesthebrainstore.com
Toys,Nevada,Las Vegas,Fotorama USA,https://fotoramausa.com
Toys,Nevada,Henderson,DreamGear,https://www.dreamgear.com
Toys,Arizona,Scottsdale,Summit Products,https://www.summittoys.com
Toys,Missouri,St. Louis,Board Game Barrister,https://boardgamebarrister.com
